{
  "saved_at": "2026-02-28T17:09:32.529452",
  "saved_in": "/home/jwobber/Documents/Master_Thesis_Code/training_data/batch_1/big_rod_t0.3",
  "corresponding_csv": "/home/jwobber/Documents/Master_Thesis_Code/training_data/batch_1/big_rod_t0.3/sample_84_session_3.csv",
  "sample_rate_Hz": 500.0,
  "sample_deltatime_s": 0.002,
  "num_samples": 2001,
  "num_insertions": 25,
  "sequence_length_s": 4.0,
  "deviation": [
    -3.7252117704557156e-05,
    -1.0934219368825135e-05,
    0.0,
    -0.0446314403087307,
    -0.08610631808252765,
    0.0
  ],
  "angle_radius": [
    3.427093393503672,
    3.882367095831835e-05
  ],
  "min_max_deviation_mm": 0.5,
  "min_max_deviation_m": 0.0005,
  "angular_error_deg": 6.0,
  "angular_error_rad": 0.10471975511965978,
  "successful_insertion": true,
  "failure_reason": null,
  "insertion_task": "big_rod",
  "tolerance": 0.3,
  "holderPose_Up": [
    -0.37296,
    -0.32824,
    0.06000000596046445,
    3.079,
    -0.625,
    0.0
  ],
  "holderPose_Down": [
    -0.37296,
    -0.32824,
    -0.024999994039535553,
    3.079,
    -0.625,
    0.0
  ],
  "insertionPose": [
    -0.52982,
    -0.30205,
    0.06000000596046445,
    3.079,
    -0.625,
    0.0
  ]
}