{
  "saved_at": "2026-02-28T17:05:55.625339",
  "saved_in": "/home/jwobber/Documents/Master_Thesis_Code/training_data/batch_1/big_rod_t0.3",
  "corresponding_csv": "/home/jwobber/Documents/Master_Thesis_Code/training_data/batch_1/big_rod_t0.3/sample_68_session_2.csv",
  "sample_rate_Hz": 500.0,
  "sample_deltatime_s": 0.002,
  "num_samples": 2001,
  "num_insertions": 25,
  "sequence_length_s": 4.0,
  "deviation": [
    1.9904227705152346e-05,
    -5.221268052916765e-05,
    0.0,
    -0.05488491714466522,
    0.007710063787831831,
    0.0
  ],
  "angle_radius": [
    5.076596763480335,
    5.587792308756185e-05
  ],
  "min_max_deviation_mm": 0.5,
  "min_max_deviation_m": 0.0005,
  "angular_error_deg": 5.0,
  "angular_error_rad": 0.08726646259971647,
  "successful_insertion": false,
  "failure_reason": "Force limit",
  "insertion_task": "big_rod",
  "tolerance": 0.3,
  "holderPose_Up": [
    -0.37296,
    -0.32824,
    0.06000000596046445,
    3.079,
    -0.625,
    0.0
  ],
  "holderPose_Down": [
    -0.37296,
    -0.32824,
    -0.024999994039535553,
    3.079,
    -0.625,
    0.0
  ],
  "insertionPose": [
    -0.52982,
    -0.30205,
    0.06000000596046445,
    3.079,
    -0.625,
    0.0
  ]
}