{
  "saved_at": "2026-02-28T16:56:34.508536",
  "saved_in": "/home/jwobber/Documents/Master_Thesis_Code/training_data/batch_1/big_rod_t0.3",
  "corresponding_csv": "/home/jwobber/Documents/Master_Thesis_Code/training_data/batch_1/big_rod_t0.3/sample_19_session_1.csv",
  "sample_rate_Hz": 500.0,
  "sample_deltatime_s": 0.002,
  "num_samples": 2001,
  "num_insertions": 50,
  "sequence_length_s": 4.0,
  "deviation": [
    0.0002775675753695322,
    0.00024310803061766684,
    0.0,
    0.015087430008358507,
    0.021126034846287417,
    0.0
  ],
  "angle_radius": [
    0.7193121704761389,
    0.00036897868969267233
  ],
  "min_max_deviation_mm": 0.4,
  "min_max_deviation_m": 0.0004,
  "angular_error_deg": 3.0,
  "angular_error_rad": 0.05235987755982989,
  "successful_insertion": true,
  "failure_reason": null,
  "insertion_task": "big_rod",
  "tolerance": 0.3,
  "holderPose_Up": [
    -0.37296,
    -0.32824,
    0.06000000596046445,
    3.079,
    -0.625,
    0.0
  ],
  "holderPose_Down": [
    -0.37296,
    -0.32824,
    -0.024999994039535553,
    3.079,
    -0.625,
    0.0
  ],
  "insertionPose": [
    -0.52982,
    -0.30205,
    0.06000000596046445,
    3.079,
    -0.625,
    0.0
  ]
}