{
  "saved_at": "2026-03-02T14:47:06.160831",
  "saved_in": "/home/jwobber/Documents/Master_Thesis_Code/training_data/batch_1/rect_rod_t0.1",
  "corresponding_csv": "/home/jwobber/Documents/Master_Thesis_Code/training_data/batch_1/rect_rod_t0.1/sample_31_session_1.csv",
  "sample_rate_Hz": 500.0,
  "sample_deltatime_s": 0.002,
  "num_samples": 2001,
  "num_insertions": 50,
  "sequence_length_s": 4.0,
  "deviation": [
    -1.4146904623978377e-05,
    -2.1502891745946533e-05,
    0.0,
    -0.0008403308953781538,
    0.007744059976120772,
    0.0
  ],
  "angle_radius": [
    4.130475250856696,
    2.5739255309309872e-05
  ],
  "min_max_deviation_mm": 0.05,
  "min_max_deviation_m": 5e-05,
  "angular_error_deg": 3.0,
  "angular_error_rad": 0.05235987755982989,
  "successful_insertion": true,
  "failure_reason": null,
  "insertion_task": "rect_rod",
  "tolerance": 0.1,
  "holderPose_Up": [
    -0.38931,
    -0.3687,
    0.06000000596046445,
    3.079,
    -0.625,
    0.0
  ],
  "holderPose_Down": [
    -0.38931,
    -0.3687,
    -0.024999994039535553,
    3.079,
    -0.625,
    0.0
  ],
  "insertionPose": [
    -0.59493,
    -0.32949,
    0.06000000596046445,
    3.079,
    -0.625,
    0.0
  ]
}