{
  "saved_at": "2026-03-02T14:46:53.210606",
  "saved_in": "/home/jwobber/Documents/Master_Thesis_Code/training_data/batch_1/rect_rod_t0.1",
  "corresponding_csv": "/home/jwobber/Documents/Master_Thesis_Code/training_data/batch_1/rect_rod_t0.1/sample_30_session_1.csv",
  "sample_rate_Hz": 500.0,
  "sample_deltatime_s": 0.002,
  "num_samples": 2001,
  "num_insertions": 50,
  "sequence_length_s": 4.0,
  "deviation": [
    1.4678571893404902e-05,
    4.7231862064716414e-05,
    0.0,
    -0.004446073888158375,
    0.038060120071210096,
    0.0
  ],
  "angle_radius": [
    1.2694820226371617,
    4.946017859784024e-05
  ],
  "min_max_deviation_mm": 0.05,
  "min_max_deviation_m": 5e-05,
  "angular_error_deg": 3.0,
  "angular_error_rad": 0.05235987755982989,
  "successful_insertion": false,
  "failure_reason": "Force limit",
  "insertion_task": "rect_rod",
  "tolerance": 0.1,
  "holderPose_Up": [
    -0.38931,
    -0.3687,
    0.06000000596046445,
    3.079,
    -0.625,
    0.0
  ],
  "holderPose_Down": [
    -0.38931,
    -0.3687,
    -0.024999994039535553,
    3.079,
    -0.625,
    0.0
  ],
  "insertionPose": [
    -0.59493,
    -0.32949,
    0.06000000596046445,
    3.079,
    -0.625,
    0.0
  ]
}