{
  "saved_at": "2026-02-28T16:41:20.340014",
  "saved_in": "/home/jwobber/Documents/Master_Thesis_Code/training_data/batch_1/big_rod_t0.2",
  "corresponding_csv": "/home/jwobber/Documents/Master_Thesis_Code/training_data/batch_1/big_rod_t0.2/sample_70_session_3.csv",
  "sample_rate_Hz": 500.0,
  "sample_deltatime_s": 0.002,
  "num_samples": 2001,
  "num_insertions": 25,
  "sequence_length_s": 4.0,
  "deviation": [
    2.6367158153140795e-05,
    0.0001436744018360747,
    0.0,
    0.04528357543371883,
    -0.027014006771620892,
    0.0
  ],
  "angle_radius": [
    1.3892957467754499,
    0.00014607381959826546
  ],
  "min_max_deviation_mm": 0.2,
  "min_max_deviation_m": 0.0002,
  "angular_error_deg": 3.0,
  "angular_error_rad": 0.05235987755982989,
  "successful_insertion": false,
  "failure_reason": "Force limit",
  "insertion_task": "big_rod",
  "tolerance": 0.2,
  "holderPose_Up": [
    -0.37296,
    -0.32824,
    0.06000000596046445,
    3.079,
    -0.625,
    0.0
  ],
  "holderPose_Down": [
    -0.37296,
    -0.32824,
    -0.024999994039535553,
    3.079,
    -0.625,
    0.0
  ],
  "insertionPose": [
    -0.53949,
    -0.32519,
    0.06000000596046445,
    3.079,
    -0.625,
    0.0
  ]
}