{
  "saved_at": "2026-02-28T16:29:02.523130",
  "saved_in": "/home/jwobber/Documents/Master_Thesis_Code/training_data/batch_1/big_rod_t0.2",
  "corresponding_csv": "/home/jwobber/Documents/Master_Thesis_Code/training_data/batch_1/big_rod_t0.2/sample_46_session_1.csv",
  "sample_rate_Hz": 500.0,
  "sample_deltatime_s": 0.002,
  "num_samples": 2001,
  "num_insertions": 50,
  "sequence_length_s": 4.0,
  "deviation": [
    -7.884162614380847e-05,
    -1.1024957748897945e-05,
    0.0,
    -0.013092379703255996,
    -0.03776655418823098,
    0.0
  ],
  "angle_radius": [
    3.28052849191983,
    7.960874139417762e-05
  ],
  "min_max_deviation_mm": 0.3,
  "min_max_deviation_m": 0.0003,
  "angular_error_deg": 3.0,
  "angular_error_rad": 0.05235987755982989,
  "successful_insertion": false,
  "failure_reason": "Force limit",
  "insertion_task": "big_rod",
  "tolerance": 0.2,
  "holderPose_Up": [
    -0.37296,
    -0.32824,
    0.06000000596046445,
    3.079,
    -0.625,
    0.0
  ],
  "holderPose_Down": [
    -0.37296,
    -0.32824,
    -0.024999994039535553,
    3.079,
    -0.625,
    0.0
  ],
  "insertionPose": [
    -0.53889,
    -0.32441,
    0.06000000596046445,
    3.079,
    -0.625,
    0.0
  ]
}