{
  "saved_at": "2026-03-02T17:55:59.320691",
  "saved_in": "/home/jwobber/Documents/Master_Thesis_Code/training_data/batch_1/rect_rod_t0.2",
  "corresponding_csv": "/home/jwobber/Documents/Master_Thesis_Code/training_data/batch_1/rect_rod_t0.2/sample_81_session_3.csv",
  "sample_rate_Hz": 500.0,
  "sample_deltatime_s": 0.002,
  "num_samples": 2000,
  "num_insertions": 35,
  "sequence_length_s": 4.0,
  "deviation": [
    9.680232241996354e-05,
    -4.2729052700864354e-05,
    0.0,
    -0.008007503355336454,
    0.0372956039015407,
    0.0
  ],
  "angle_radius": [
    5.867501727413913,
    0.00010581333361449218
  ],
  "min_max_deviation_mm": 0.15,
  "min_max_deviation_m": 0.00015,
  "angular_error_deg": 5.0,
  "angular_error_rad": 0.08726646259971647,
  "successful_insertion": true,
  "failure_reason": null,
  "insertion_task": "rect_rod",
  "tolerance": 0.2,
  "holderPose_Up": [
    -0.38931,
    -0.3687,
    0.06000000596046445,
    3.079,
    -0.625,
    0.0
  ],
  "holderPose_Down": [
    -0.38931,
    -0.3687,
    -0.024999994039535553,
    3.079,
    -0.625,
    0.0
  ],
  "insertionPose": [
    -0.58525,
    -0.30643,
    0.06000000596046445,
    3.079,
    -0.625,
    0.0
  ]
}