{
  "saved_at": "2026-03-02T17:42:19.854924",
  "saved_in": "/home/jwobber/Documents/Master_Thesis_Code/training_data/batch_1/rect_rod_t0.2",
  "corresponding_csv": "/home/jwobber/Documents/Master_Thesis_Code/training_data/batch_1/rect_rod_t0.2/sample_20_session_1.csv",
  "sample_rate_Hz": 500.0,
  "sample_deltatime_s": 0.002,
  "num_samples": 2001,
  "num_insertions": 50,
  "sequence_length_s": 4.0,
  "deviation": [
    4.973210566064509e-05,
    4.62614738155266e-05,
    0.0,
    -0.007999827033763188,
    0.03901486857553561,
    0.0
  ],
  "angle_radius": [
    0.7492590714763488,
    6.792206042977657e-05
  ],
  "min_max_deviation_mm": 0.1,
  "min_max_deviation_m": 0.0001,
  "angular_error_deg": 3.0,
  "angular_error_rad": 0.05235987755982989,
  "successful_insertion": true,
  "failure_reason": null,
  "insertion_task": "rect_rod",
  "tolerance": 0.2,
  "holderPose_Up": [
    -0.38931,
    -0.3687,
    0.06000000596046445,
    3.079,
    -0.625,
    0.0
  ],
  "holderPose_Down": [
    -0.38931,
    -0.3687,
    -0.024999994039535553,
    3.079,
    -0.625,
    0.0
  ],
  "insertionPose": [
    -0.58525,
    -0.30643,
    0.06000000596046445,
    3.079,
    -0.625,
    0.0
  ]
}