{
  "saved_at": "2026-03-02T17:39:17.750989",
  "saved_in": "/home/jwobber/Documents/Master_Thesis_Code/training_data/batch_1/rect_rod_t0.2",
  "corresponding_csv": "/home/jwobber/Documents/Master_Thesis_Code/training_data/batch_1/rect_rod_t0.2/sample_4_session_1.csv",
  "sample_rate_Hz": 500.0,
  "sample_deltatime_s": 0.002,
  "num_samples": 2000,
  "num_insertions": 50,
  "sequence_length_s": 4.0,
  "deviation": [
    1.2002062962249444e-06,
    7.462860066483061e-06,
    0.0,
    0.0397105084247802,
    0.018666709638402168,
    0.0
  ],
  "angle_radius": [
    1.411337828795015,
    7.558754892533926e-06
  ],
  "min_max_deviation_mm": 0.1,
  "min_max_deviation_m": 0.0001,
  "angular_error_deg": 3.0,
  "angular_error_rad": 0.05235987755982989,
  "successful_insertion": true,
  "failure_reason": null,
  "insertion_task": "rect_rod",
  "tolerance": 0.2,
  "holderPose_Up": [
    -0.38931,
    -0.3687,
    0.06000000596046445,
    3.079,
    -0.625,
    0.0
  ],
  "holderPose_Down": [
    -0.38931,
    -0.3687,
    -0.024999994039535553,
    3.079,
    -0.625,
    0.0
  ],
  "insertionPose": [
    -0.58525,
    -0.30643,
    0.06000000596046445,
    3.079,
    -0.625,
    0.0
  ]
}