{
  "saved_at": "2026-02-28T15:52:49.924472",
  "saved_in": "/home/jwobber/Documents/Master_Thesis_Code/training_data/batch_1/big_rod_t0.1",
  "corresponding_csv": "/home/jwobber/Documents/Master_Thesis_Code/training_data/batch_1/big_rod_t0.1/sample_5_session_1.csv",
  "sample_rate_Hz": 500.0,
  "sample_deltatime_s": 0.002,
  "num_samples": 2001,
  "num_insertions": 50,
  "sequence_length_s": 4.0,
  "deviation": [
    0.00015303975737027142,
    -7.422627404915815e-05,
    0.0,
    -0.005714402663222214,
    0.04472587734019019,
    0.0
  ],
  "angle_radius": [
    5.831599010320753,
    0.00017009029100795929
  ],
  "min_max_deviation_mm": 0.2,
  "min_max_deviation_m": 0.0002,
  "angular_error_deg": 3.0,
  "angular_error_rad": 0.05235987755982989,
  "successful_insertion": false,
  "failure_reason": "Force limit",
  "insertion_task": "big_rod",
  "tolerance": 0.1,
  "holderPose_Up": [
    -0.37373,
    -0.32883,
    0.06000000596046445,
    3.079,
    -0.625,
    0.0
  ],
  "holderPose_Down": [
    -0.37373,
    -0.32883,
    -0.024999994039535553,
    3.079,
    -0.625,
    0.0
  ],
  "insertionPose": [
    -0.5492,
    -0.349,
    0.06000000596046445,
    3.079,
    -0.625,
    0.0
  ]
}