{
  "saved_at": "2026-02-28T16:05:03.741379",
  "saved_in": "/home/jwobber/Documents/Master_Thesis_Code/training_data/batch_1/big_rod_t0.1",
  "corresponding_csv": "/home/jwobber/Documents/Master_Thesis_Code/training_data/batch_1/big_rod_t0.1/sample_39_session_3.csv",
  "sample_rate_Hz": 500.0,
  "sample_deltatime_s": 0.002,
  "num_samples": 2001,
  "num_insertions": 50,
  "sequence_length_s": 4.0,
  "deviation": [
    8.141376563293597e-06,
    -1.2311914804779381e-05,
    0.0,
    0.06690888193065002,
    -0.06252388017570068,
    0.0
  ],
  "angle_radius": [
    5.296639148377048,
    1.4760259432187903e-05
  ],
  "min_max_deviation_mm": 0.3,
  "min_max_deviation_m": 0.0003,
  "angular_error_deg": 4.0,
  "angular_error_rad": 0.06981317007977318,
  "successful_insertion": false,
  "failure_reason": "Force limit",
  "insertion_task": "big_rod",
  "tolerance": 0.1,
  "holderPose_Up": [
    -0.37296,
    -0.32824,
    0.06000000596046445,
    3.079,
    -0.625,
    0.0
  ],
  "holderPose_Down": [
    -0.37296,
    -0.32824,
    -0.024999994039535553,
    3.079,
    -0.625,
    0.0
  ],
  "insertionPose": [
    -0.5492,
    -0.349,
    0.06000000596046445,
    3.079,
    -0.625,
    0.0
  ]
}