{
  "saved_at": "2026-02-28T16:09:05.395886",
  "saved_in": "/home/jwobber/Documents/Master_Thesis_Code/training_data/batch_1/big_rod_t0.1",
  "corresponding_csv": "/home/jwobber/Documents/Master_Thesis_Code/training_data/batch_1/big_rod_t0.1/sample_60_session_3.csv",
  "sample_rate_Hz": 500.0,
  "sample_deltatime_s": 0.002,
  "num_samples": 2001,
  "num_insertions": 50,
  "sequence_length_s": 4.0,
  "deviation": [
    3.377068102954169e-05,
    0.00024915348881425454,
    0.0,
    0.01672890123330789,
    -0.029410992936261877,
    0.0
  ],
  "angle_radius": [
    1.4360756581200878,
    0.0002514317400121033
  ],
  "min_max_deviation_mm": 0.3,
  "min_max_deviation_m": 0.0003,
  "angular_error_deg": 4.0,
  "angular_error_rad": 0.06981317007977318,
  "successful_insertion": true,
  "failure_reason": null,
  "insertion_task": "big_rod",
  "tolerance": 0.1,
  "holderPose_Up": [
    -0.37296,
    -0.32824,
    0.06000000596046445,
    3.079,
    -0.625,
    0.0
  ],
  "holderPose_Down": [
    -0.37296,
    -0.32824,
    -0.024999994039535553,
    3.079,
    -0.625,
    0.0
  ],
  "insertionPose": [
    -0.5492,
    -0.349,
    0.06000000596046445,
    3.079,
    -0.625,
    0.0
  ]
}