{
  "saved_at": "2026-02-28T16:17:41.510496",
  "saved_in": "/home/jwobber/Documents/Master_Thesis_Code/training_data/batch_1/big_rod_t0.1",
  "corresponding_csv": "/home/jwobber/Documents/Master_Thesis_Code/training_data/batch_1/big_rod_t0.1/sample_95_session_4.csv",
  "sample_rate_Hz": 500.0,
  "sample_deltatime_s": 0.002,
  "num_samples": 2000,
  "num_insertions": 18,
  "sequence_length_s": 4.0,
  "deviation": [
    2.512538806003324e-05,
    1.5226704895138878e-05,
    0.0,
    0.04566794273242587,
    -0.07046209382286742,
    0.0
  ],
  "angle_radius": [
    0.544840540380691,
    2.9379204671517352e-05
  ],
  "min_max_deviation_mm": 0.3,
  "min_max_deviation_m": 0.0003,
  "angular_error_deg": 5.0,
  "angular_error_rad": 0.08726646259971647,
  "successful_insertion": false,
  "failure_reason": "Force limit",
  "insertion_task": "big_rod",
  "tolerance": 0.1,
  "holderPose_Up": [
    -0.37296,
    -0.32824,
    0.06000000596046445,
    3.079,
    -0.625,
    0.0
  ],
  "holderPose_Down": [
    -0.37296,
    -0.32824,
    -0.024999994039535553,
    3.079,
    -0.625,
    0.0
  ],
  "insertionPose": [
    -0.5492,
    -0.349,
    0.06000000596046445,
    3.079,
    -0.625,
    0.0
  ]
}