{
  "saved_at": "2026-02-27T14:25:50.434843",
  "saved_in": "/home/jwobber/Documents/Master_Thesis_Code/training_data/batch_1/small_rod_t0.1",
  "corresponding_csv": "/home/jwobber/Documents/Master_Thesis_Code/training_data/batch_1/small_rod_t0.1/sample_15_session_1.csv",
  "sample_rate_Hz": 500.0,
  "sample_deltatime_s": 0.002,
  "num_samples": 2001,
  "num_insertions": 50,
  "sequence_length_s": 4.0,
  "deviation": [
    1.8356893731970282e-05,
    -7.500135870805655e-06,
    0.0,
    -0.038445984466710735,
    -0.0159234814692513,
    0.0
  ],
  "angle_radius": [
    5.895310108974813,
    1.9829966857445715e-05
  ],
  "min_max_deviation_mm": 0.2,
  "min_max_deviation_m": 0.0002,
  "angular_error_deg": 3.0,
  "angular_error_rad": 0.05235987755982989,
  "successful_insertion": true,
  "failure_reason": null,
  "insertion_task": "small_rod",
  "tolerance": 0.1,
  "holderPose_Up": [
    -0.38113,
    -0.34856,
    0.06000000596046445,
    3.079,
    -0.625,
    0.0
  ],
  "holderPose_Down": [
    -0.38113,
    -0.34856,
    -0.024999994039535553,
    3.079,
    -0.625,
    0.0
  ],
  "insertionPose": [
    -0.50254,
    -0.36721,
    0.06000000596046445,
    3.079,
    -0.625,
    0.0
  ]
}