{
  "saved_at": "2026-02-27T14:35:37.648438",
  "saved_in": "/home/jwobber/Documents/Master_Thesis_Code/training_data/batch_1/small_rod_t0.1",
  "corresponding_csv": "/home/jwobber/Documents/Master_Thesis_Code/training_data/batch_1/small_rod_t0.1/sample_54_session_2.csv",
  "sample_rate_Hz": 500.0,
  "sample_deltatime_s": 0.002,
  "num_samples": 2001,
  "num_insertions": 25,
  "sequence_length_s": 4.0,
  "deviation": [
    0.0001272117049475988,
    0.00018649645867491763,
    0.0,
    0.006628736139454847,
    0.013818607388316279,
    0.0
  ],
  "angle_radius": [
    0.972176034374852,
    0.0002257515159948216
  ],
  "min_max_deviation_mm": 0.25,
  "min_max_deviation_m": 0.00025,
  "angular_error_deg": 4.0,
  "angular_error_rad": 0.06981317007977318,
  "successful_insertion": true,
  "failure_reason": null,
  "insertion_task": "small_rod",
  "tolerance": 0.1,
  "holderPose_Up": [
    -0.38113,
    -0.34856,
    0.06000000596046445,
    3.079,
    -0.625,
    0.0
  ],
  "holderPose_Down": [
    -0.38113,
    -0.34856,
    -0.024999994039535553,
    3.079,
    -0.625,
    0.0
  ],
  "insertionPose": [
    -0.50254,
    -0.36721,
    0.06000000596046445,
    3.079,
    -0.625,
    0.0
  ]
}