{
  "saved_at": "2026-02-27T14:37:41.851555",
  "saved_in": "/home/jwobber/Documents/Master_Thesis_Code/training_data/batch_1/small_rod_t0.1",
  "corresponding_csv": "/home/jwobber/Documents/Master_Thesis_Code/training_data/batch_1/small_rod_t0.1/sample_65_session_2.csv",
  "sample_rate_Hz": 500.0,
  "sample_deltatime_s": 0.002,
  "num_samples": 2000,
  "num_insertions": 25,
  "sequence_length_s": 4.0,
  "deviation": [
    -2.4447349448024487e-05,
    -1.727237058892796e-05,
    0.0,
    0.016866347856241512,
    -0.05991087343606936,
    0.0
  ],
  "angle_radius": [
    3.756676407917702,
    2.9933387392593688e-05
  ],
  "min_max_deviation_mm": 0.25,
  "min_max_deviation_m": 0.00025,
  "angular_error_deg": 4.0,
  "angular_error_rad": 0.06981317007977318,
  "successful_insertion": true,
  "failure_reason": null,
  "insertion_task": "small_rod",
  "tolerance": 0.1,
  "holderPose_Up": [
    -0.38113,
    -0.34856,
    0.06000000596046445,
    3.079,
    -0.625,
    0.0
  ],
  "holderPose_Down": [
    -0.38113,
    -0.34856,
    -0.024999994039535553,
    3.079,
    -0.625,
    0.0
  ],
  "insertionPose": [
    -0.50254,
    -0.36721,
    0.06000000596046445,
    3.079,
    -0.625,
    0.0
  ]
}