{
  "saved_at": "2026-02-27T15:29:51.072572",
  "saved_in": "/home/jwobber/Documents/Master_Thesis_Code/training_data/batch_1/small_rod_t0.2",
  "corresponding_csv": "/home/jwobber/Documents/Master_Thesis_Code/training_data/batch_1/small_rod_t0.2/sample_29_session_1.csv",
  "sample_rate_Hz": 500.0,
  "sample_deltatime_s": 0.002,
  "num_samples": 2001,
  "num_insertions": 50,
  "sequence_length_s": 4.0,
  "deviation": [
    -3.6578355740918054e-05,
    5.002649903543838e-05,
    0.0,
    -0.043566922223945315,
    0.03544311340375261,
    0.0
  ],
  "angle_radius": [
    2.202143176075675,
    6.197279011349957e-05
  ],
  "min_max_deviation_mm": 0.3,
  "min_max_deviation_m": 0.0003,
  "angular_error_deg": 3.0,
  "angular_error_rad": 0.05235987755982989,
  "successful_insertion": false,
  "failure_reason": "Force limit",
  "insertion_task": "small_rod",
  "tolerance": 0.2,
  "holderPose_Up": [
    -0.38113,
    -0.34856,
    0.06000000596046445,
    3.079,
    -0.625,
    0.0
  ],
  "holderPose_Down": [
    -0.38113,
    -0.34856,
    -0.024999994039535553,
    3.079,
    -0.625,
    0.0
  ],
  "insertionPose": [
    -0.49305,
    -0.34405,
    0.06000000596046445,
    3.079,
    -0.625,
    0.0
  ]
}