{
  "saved_at": "2026-02-27T15:45:09.044146",
  "saved_in": "/home/jwobber/Documents/Master_Thesis_Code/training_data/batch_1/small_rod_t0.2",
  "corresponding_csv": "/home/jwobber/Documents/Master_Thesis_Code/training_data/batch_1/small_rod_t0.2/sample_89_session_3.csv",
  "sample_rate_Hz": 500.0,
  "sample_deltatime_s": 0.002,
  "num_samples": 2001,
  "num_insertions": 25,
  "sequence_length_s": 4.0,
  "deviation": [
    -8.767833052878758e-05,
    -0.0002807864144583018,
    0.0,
    -0.01973805734718566,
    -0.09184977384256908,
    0.0
  ],
  "angle_radius": [
    4.40972288902042,
    0.0002941572711810207
  ],
  "min_max_deviation_mm": 0.4,
  "min_max_deviation_m": 0.0004,
  "angular_error_deg": 6.0,
  "angular_error_rad": 0.10471975511965978,
  "successful_insertion": false,
  "failure_reason": "Force limit",
  "insertion_task": "small_rod",
  "tolerance": 0.2,
  "holderPose_Up": [
    -0.38113,
    -0.34856,
    0.06000000596046445,
    3.079,
    -0.625,
    0.0
  ],
  "holderPose_Down": [
    -0.38113,
    -0.34856,
    -0.024999994039535553,
    3.079,
    -0.625,
    0.0
  ],
  "insertionPose": [
    -0.49305,
    -0.34405,
    0.06000000596046445,
    3.079,
    -0.625,
    0.0
  ]
}