{
  "saved_at": "2026-02-28T17:55:13.139605",
  "saved_in": "/home/jwobber/Documents/Master_Thesis_Code/training_data/batch_1/rect_rod_t0.3",
  "corresponding_csv": "/home/jwobber/Documents/Master_Thesis_Code/training_data/batch_1/rect_rod_t0.3/sample_42_session_2.csv",
  "sample_rate_Hz": 500.0,
  "sample_deltatime_s": 0.002,
  "num_samples": 2001,
  "num_insertions": 50,
  "sequence_length_s": 4.0,
  "deviation": [
    -2.9535242372542525e-05,
    -1.6249352726091648e-05,
    0.0,
    -0.00886642501642394,
    0.03002616377100687,
    0.0
  ],
  "angle_radius": [
    3.644565033036539,
    3.3710117265025544e-05
  ],
  "min_max_deviation_mm": 0.1,
  "min_max_deviation_m": 0.0001,
  "angular_error_deg": 2.0,
  "angular_error_rad": 0.03490658503988659,
  "successful_insertion": false,
  "failure_reason": "Force limit",
  "insertion_task": "rect_rod",
  "tolerance": 0.3,
  "holderPose_Up": [
    -0.38931,
    -0.3687,
    0.06000000596046445,
    3.079,
    -0.625,
    0.0
  ],
  "holderPose_Down": [
    -0.38931,
    -0.3687,
    -0.024999994039535553,
    3.079,
    -0.625,
    0.0
  ],
  "insertionPose": [
    -0.57579,
    -0.28315,
    0.06000000596046445,
    3.079,
    -0.625,
    0.0
  ]
}