{
  "saved_at": "2026-02-28T17:50:41.582835",
  "saved_in": "/home/jwobber/Documents/Master_Thesis_Code/training_data/batch_1/rect_rod_t0.3",
  "corresponding_csv": "/home/jwobber/Documents/Master_Thesis_Code/training_data/batch_1/rect_rod_t0.3/sample_21_session_1.csv",
  "sample_rate_Hz": 500.0,
  "sample_deltatime_s": 0.002,
  "num_samples": 2001,
  "num_insertions": 25,
  "sequence_length_s": 4.0,
  "deviation": [
    0.0001062626298363153,
    -0.00015400852376200877,
    0.0,
    0.020324880255313274,
    0.04108642696030368,
    0.0
  ],
  "angle_radius": [
    5.3163576553639755,
    0.00018711058733028173
  ],
  "min_max_deviation_mm": 0.2,
  "min_max_deviation_m": 0.0002,
  "angular_error_deg": 3.0,
  "angular_error_rad": 0.05235987755982989,
  "successful_insertion": false,
  "failure_reason": "Force limit",
  "insertion_task": "rect_rod",
  "tolerance": 0.3,
  "holderPose_Up": [
    -0.38931,
    -0.3687,
    0.06000000596046445,
    3.079,
    -0.625,
    0.0
  ],
  "holderPose_Down": [
    -0.38931,
    -0.3687,
    -0.024999994039535553,
    3.079,
    -0.625,
    0.0
  ],
  "insertionPose": [
    -0.57579,
    -0.28315,
    0.06000000596046445,
    3.079,
    -0.625,
    0.0
  ]
}