{
  "saved_at": "2026-02-28T17:54:50.236926",
  "saved_in": "/home/jwobber/Documents/Master_Thesis_Code/training_data/batch_1/rect_rod_t0.3",
  "corresponding_csv": "/home/jwobber/Documents/Master_Thesis_Code/training_data/batch_1/rect_rod_t0.3/sample_40_session_2.csv",
  "sample_rate_Hz": 500.0,
  "sample_deltatime_s": 0.002,
  "num_samples": 2001,
  "num_insertions": 50,
  "sequence_length_s": 4.0,
  "deviation": [
    -5.262636795122314e-05,
    -3.3553332927051156e-07,
    0.0,
    -0.03201875351040083,
    0.002711536251533239,
    0.0
  ],
  "angle_radius": [
    3.1479683317132396,
    5.2627437581100006e-05
  ],
  "min_max_deviation_mm": 0.1,
  "min_max_deviation_m": 0.0001,
  "angular_error_deg": 2.0,
  "angular_error_rad": 0.03490658503988659,
  "successful_insertion": true,
  "failure_reason": null,
  "insertion_task": "rect_rod",
  "tolerance": 0.3,
  "holderPose_Up": [
    -0.38931,
    -0.3687,
    0.06000000596046445,
    3.079,
    -0.625,
    0.0
  ],
  "holderPose_Down": [
    -0.38931,
    -0.3687,
    -0.024999994039535553,
    3.079,
    -0.625,
    0.0
  ],
  "insertionPose": [
    -0.57579,
    -0.28315,
    0.06000000596046445,
    3.079,
    -0.625,
    0.0
  ]
}