{
  "saved_at": "2026-02-28T18:00:10.595160",
  "saved_in": "/home/jwobber/Documents/Master_Thesis_Code/training_data/batch_1/rect_rod_t0.3",
  "corresponding_csv": "/home/jwobber/Documents/Master_Thesis_Code/training_data/batch_1/rect_rod_t0.3/sample_68_session_2.csv",
  "sample_rate_Hz": 500.0,
  "sample_deltatime_s": 0.002,
  "num_samples": 2001,
  "num_insertions": 50,
  "sequence_length_s": 4.0,
  "deviation": [
    -3.9101634223578356e-05,
    3.2961968382181516e-05,
    0.0,
    0.016897816923194947,
    -0.011232433554279813,
    0.0
  ],
  "angle_radius": [
    2.441187117516615,
    5.1141266689264236e-05
  ],
  "min_max_deviation_mm": 0.1,
  "min_max_deviation_m": 0.0001,
  "angular_error_deg": 2.0,
  "angular_error_rad": 0.03490658503988659,
  "successful_insertion": true,
  "failure_reason": null,
  "insertion_task": "rect_rod",
  "tolerance": 0.3,
  "holderPose_Up": [
    -0.38931,
    -0.3687,
    0.06000000596046445,
    3.079,
    -0.625,
    0.0
  ],
  "holderPose_Down": [
    -0.38931,
    -0.3687,
    -0.024999994039535553,
    3.079,
    -0.625,
    0.0
  ],
  "insertionPose": [
    -0.57579,
    -0.28315,
    0.06000000596046445,
    3.079,
    -0.625,
    0.0
  ]
}