{
  "saved_at": "2026-02-27T16:20:31.889191",
  "saved_in": "/home/jwobber/Documents/Master_Thesis_Code/training_data/batch_1/small_rod_t0.3",
  "corresponding_csv": "/home/jwobber/Documents/Master_Thesis_Code/training_data/batch_1/small_rod_t0.3/sample_52_session_2.csv",
  "sample_rate_Hz": 500.0,
  "sample_deltatime_s": 0.002,
  "num_samples": 2000,
  "num_insertions": 50,
  "sequence_length_s": 4.0,
  "deviation": [
    -0.0002989124252121586,
    -7.916825626940064e-05,
    0.0,
    -0.010959825882002575,
    0.003788143372891878,
    0.0
  ],
  "angle_radius": [
    3.400502286865603,
    0.000309218774894009
  ],
  "min_max_deviation_mm": 0.4,
  "min_max_deviation_m": 0.0004,
  "angular_error_deg": 5.0,
  "angular_error_rad": 0.08726646259971647,
  "successful_insertion": false,
  "failure_reason": "Force limit",
  "insertion_task": "small_rod",
  "tolerance": 0.3,
  "holderPose_Up": [
    -0.38113,
    -0.34856,
    0.06000000596046445,
    3.079,
    -0.625,
    0.0
  ],
  "holderPose_Down": [
    -0.38113,
    -0.34856,
    -0.024999994039535553,
    3.079,
    -0.625,
    0.0
  ],
  "insertionPose": [
    -0.48365,
    -0.32101,
    0.06000000596046445,
    3.079,
    -0.625,
    0.0
  ]
}